id,type,2016年书刊文献外借册次,2016年书架单层总长度,2016年图书馆级别,2016年图书馆网站访问量,2016年实际拥有产权面积,2016年建筑面积,2016年当年购买的报刊种类,2016年总流通人次,2016年总藏量,2016年有效借书证数量,2016年本年新增电子图书,2016年本年新增藏量,2016年电子图书,2016年计算机台数,2016年阅览室坐席数,2017年书刊文献外借册次,2017年书架单层总长度,2017年图书馆级别,2017年图书馆网站访问量,2017年实际拥有产权面积,2017年建筑面积,2017年当年购买的报刊种类,2017年总流通人次,2017年总藏量,2017年有效借书证数量,2017年本年新增电子图书,2017年本年新增藏量,2017年电子图书,2017年计算机台数,2017年阅览室坐席数,2018年书刊文献外借册次,2018年书架单层总长度,2018年图书馆级别,2018年图书馆网站访问量,2018年实际拥有产权面积,2018年建筑面积,2018年当年购买的报刊种类,2018年总流通人次,2018年总藏量,2018年有效借书证数量,2018年本年新增电子图书,2018年本年新增藏量,2018年电子图书,2018年计算机台数,2018年阅览室坐席数,图书馆级别,地址,所在区县,所在城市,是否少儿图书馆,是否正常开放,电话号码,纬度,组织机构代码,经度,邮政编码
余姚市图书馆,图书馆,519544,6216,一级馆,497797,2163,2163,674,189708,617479,26681,2621,39079,19632,58,180,1132826,6581,一级馆,655909,3184,2493,640,483579,699317,32501,50000,59168,2276264,58,180,1105568,6581,一级馆,89136,2287,3184,639,567728,731135,34683,100583,31818,2378606,58,180,,浙江省余姚市舜水南路106号,余姚市,宁波市,否,正常活动,62705920,30.046812,419642408,121.158486,315400
三门县图书馆,图书馆,158000,350,二级馆,5110,2212,2212,400,831100,191310,8200,0,61030,20000,41,64,402384,522,二级馆,7010,2023,2677,389,833000,351630,11273,9383,32730,45217,45,164,388956,611,二级馆,6929,2023,2763,365,833300,388150,16614,0,36520,46766,45,414,,三门县上洋路261号,三门县,台州市,否,正常活动,83379152,29.128746,754904102,121.378171,317100
兰溪市图书馆,图书馆,142857,5116,一级馆,40566,5553,5553,547,202857,257807,79749,1954,18131,27570,55,284,214583,5130,一级馆,24378,5553,5553,547,226421,303717,15709,60000,13235,87570,55,284,254476,5130,一级馆,24236,5553,5553,470,271669,324347,17227,0,20630,87570,55,354,,浙江省兰溪市李渔路180号,兰溪市,金华市,否,正常活动,88895607,29.218867,TJ0781038,119.464753,321100
浙江图书馆,图书馆,1421892,62322,一级馆,3.18E+07,49242,54500,8397,2590263,6485355,64740,210396,246537,1606546,540,1570,1676288,122923,一级馆,1.96E+07,51732,57000,8057,4582651,6906382,60833,797240,329549,2545420,811,1500,1739851,128396,一级馆,2.62E+07,51732,57000,6591,1.06E+07,7051138,92094,660259,265240,3205679,716,1800,,杭州曙光路73号,330101,杭州市,否,正常活动,87988591,30.270048,470049722,120.142979,310007
温岭市图书馆,图书馆,455477,5532,一级馆,260458,4250,8065,630,2910726,399227,0,0,44625,121580,64,291,1483544,5532,一级馆,189733,4250,18665,630,9901049,1461504,39234,0,457473,123930,66,403,1562349,5532,一级馆,77690,4250,18665,630,9901050,1576316,71021,0,114269,123930,66,403,,浙江省温岭市太平街道溪滨路58号,温岭市,台州市,否,正常活动,86223922,28.370035,472723389,121.379423,317500
婺城区图书馆,图书馆,30000,320,无等级馆,0,0,3078,300,60000,35330,125,20000,5280,1020000,40,240,131676,320,无等级馆,86541,0,5200,276,230000,109098,3822,307000,29098,1327215,53,263,136476,320,无等级馆,0,0,5200,289,212848,139186,4597,0,30088,1327215,53,263,,金华市临江东路8号,婺城区,金华市,否,正常活动,89802003,29.095096,56894066,119.583514,321000
定海区图书馆,图书馆,474356,7100,一级馆,25384,3630,2800,753,404019,213890,78150,0,15926,7943,67,330,513709,7100,一级馆,3445,3630,2800,690,423204,271138,12991,0,27782,7943,75,415,535427,7100,一级馆,189,3630,2800,567,402944,310068,14769,5000,36406,82300,75,415,,定海区环城西路98号,定海区,舟山市,否,正常活动,2600303,30.019603,05955194X,122.109902,316000
云和县图书馆,图书馆,100603,4476,一级馆,34520,3205,3205,270,109820,192419,4118,1800,19296,1003800,57,450,140349,5141,一级馆,15000,0,6205,292,150568,198380,13743,40100,16178,2050200,72,460,145442,5141,一级馆,20387,0,6205,275,251341,224833,14234,1580136,26453,3630336,72,460,,云和县公园路100号,云和县,丽水市,否,正常活动,5121509,28.119615,472370683,119.575539,323600
杭州市西湖区图书馆,图书馆,1632322,128,一级馆,315060,0,3200,580,789930,373749,37222,0,34829,0,57,300,1805131,128,一级馆,309220,0,3200,526,807111,761115,38085,0,36999,0,57,300,1814565,144,一级馆,308565,3194,6000,552,804200,789319,38265,20591,28204,20591,57,420,,杭州市西湖区古墩路413号,西湖区,杭州市,否,正常活动,87981283,30.28891,78239260X,120.105613,310007
金华市少儿童图书馆,图书馆,262000,525,二级馆,40000,0,3700,655,238000,320633,19900,0,47746,1503,92,80,380000,525,二级馆,40400,0,3700,891,376000,413796,21588,20226,30853,26729,93,80,440000,551,二级馆,45000,0,7661,857,433000,453983,22665,19852,40187,46581,97,528,,金华市婺江东路238号,330701,金华市,是,正常活动,82325322,29.105071,471543159,119.663616,321000
金华市金东区公共图书馆,图书馆,,,,,,,,,,,,,,,,0,8,无等级馆,0,3615,3615,105,0,98000,0,0,5000,0,28,180,108,8,无等级馆,0,3615,3615,105,194,99637,22,0,1637,0,28,180,,金华市金东区艾青路丽泽公园内（金华一中北门对面）,金东区,金华市,否,正常活动,82172160,29.110862,123307037,119.719811,321000
嵊州市图书馆,图书馆,523571,28590,一级馆,21954,3160,3160,554,820198,546608,19392,3053,7839,4053,63,350,480153,28590,一级馆,126352,3160,3160,588,915992,573160,25333,3500,18959,4120,63,350,390000,28590,一级馆,133580,3160,3160,549,800190,592829,27085,3500,40151,34000,63,350,,嵊州市龙会路26号,嵊州市,绍兴市,否,正常活动,83011103,29.567327,681694019,120.837437,312400
仙居县图书馆,图书馆,209015,10158,二级馆,0,1440,1937,248,1180600,168640,0,0,23640,72000,49,172,771977,11928,二级馆,63000,1440,6204,256,1396768,724383,20005,36000,182992,108000,85,456,883609,12428,二级馆,79082,1440,8204,263,1501679,820322,28016,60000,109753,168000,90,1000,,浙江省仙居县城关解放街2号,仙居县,台州市,否,正常活动,87772767,28.862208,798554562,120.748708,317300
丽水市莲都区图书馆,图书馆,0,0,无等级馆,0,0,220,0,15200,0,0,9000,0,9000,53,0,68321,617,无等级馆,0,0,4600,0,92500,45471,0,18900,37438,28000,53,606,178278,617,无等级馆,61733,0,4600,391,624400,131233,11321,772100,85762,828000,53,706,,浙江省丽水市莲都区人民街557号,莲都区,丽水市,否,正常活动,2186683,28.47018,323440158,119.929365,323000
淳安县图书馆,图书馆,261035,479,二级馆,0,1889,2500,361,224458,380746,382529,3000,72191,3355,104,322,231404,381,二级馆,0,1889,7354,413,489093,488278,397778,0,90596,6355,57,400,581256,381,二级馆,3032,1889,7354,386,437968,576900,395970,0,88622,6355,55,400,,千岛湖镇青溪新城珍珠大道珍珠一路111号,淳安县,杭州市,否,正常活动,64823367,29.59682,470420122,119.113053,311700
苍南县图书馆,图书馆,520309,4060,一级馆,62300,8385,9185,603,480000,1115046,33228,0,67338,34489,80,770,645017,4540,一级馆,69000,8385,9185,677,567105,1198628,51287,8000,48430,9997,67,770,659306,4540,一级馆,90843,8385,9185,684,880923,1272242,57274,24123,73614,34120,70,770,,苍南县灵溪镇湖滨路58号,苍南县,温州市,否,正常活动,68871060,27.519773,47078708X,120.432291,325800
宁海县图书馆,图书馆,596213,5500,一级馆,160000,5000,5000,415,211144,396895,32754,0,20536,2000,88,370,608575,5540,一级馆,22000,5000,5000,465,220720,438990,29755,0,22380,1020000,94,420,609955,5540,一级馆,24230,5000,5000,465,238750,460850,32063,0,27628,1025000,94,420,,宁海县桃源街道桃源北路9号,宁海县,宁波市,否,正常活动,83556058,29.320802,2966079,121.448486,315600
鹿城区图书馆,图书馆,78409,1316,无等级馆,32,3026,3026,46,786188,942420,862,400,20000,200750,58,265,248768,2111,无等级馆,7226,5533,5916,334,795704,1026094,25889,0,31110,208750,58,410,290433,2111,无等级馆,6930,5533,8877,292,941827,1050763,34175,0,24669,208750,58,410,,浙江省温州市鹿城区鞋都大道1130号,鹿城区,温州市,否,正常活动,55577826,28.037228,677227098,120.600995,325000
永嘉县图书馆,图书馆,147041,3456,二级馆,235000,1740,4857,568,344051,431832,7933,0,36608,250000,185,450,495842,3456,二级馆,0,1740,4857,798,558765,597021,28182,0,122700,250000,218,450,548732,3456,二级馆,0,1740,18635,796,665523,657458,35098,50000,91326,300000,56,450,,永嘉县上塘镇广场路61号,永嘉县,温州市,否,正常活动,57673799,28.155473,734535354,120.696262,325100
金华严济慈图书馆（金华市图书馆）,图书馆,286308,7460,一级馆,116000,12000,12000,797,349822,348470,34182,2575,81836,814645,106,520,474183,7700,一级馆,102400,0,11396,822,1152244,488940,53349,0,77988,814646,115,614,463185,7808,一级馆,130887,0,10776,805,1129464,600965,63175,0,112025,814646,127,614,,永康街288号,330701,金华市,否,正常活动,82069522,29.088292,556195130,119.647539,321000
富阳区图书馆,图书馆,879462,1560,一级馆,58121,3550,3550,757,195749,436887,600000,170000,43387,9370000,72,411,1063000,1600,一级馆,88141,3550,3550,745,357650,495280,621510,35000,27171,9541000,84,466,1169300,1600,一级馆,7560,3550,3550,704,393415,521491,697662,50000,26211,9591000,84,482,,浙江省富阳市富春街道富春路3号,富阳区,杭州市,否,正常活动,63323974,30.052783,47033331X,119.969329,311400
宁波市镇海区图书馆,图书馆,496958,0,一级馆,74000,9000,9000,732,413600,369427,20856,0,47535,17908,140,400,,,,,,,,,,,,,,,,,,,,,,,,,,,,,,,,招宝山街道人民路58号,镇海区,宁波市,否,正常活动,86274799,29.969986,41956637X,121.601254,315200
瓯海区图书馆,图书馆,394501,0,三级馆,80314,0,29000,664,1124000,416613,29688,0,144076,300000,111,877,1053794,0,一级馆,133385,0,29000,641,1280000,671427,69260,4858,133026,316782,111,877,1313300,0,一级馆,347965,0,29000,640,1301000,895757,85029,6030,224330,322812,111,877,,娄桥行政中心3号楼4楼,瓯海区,温州市,否,正常活动,88521692,29.905593,E94886050,121.850633,325000
龙泉市图书馆,图书馆,171329,1786,二级馆,7937,3678,5444,411,258767,192789,7123,102850,13358,4603350,69,375,181531,1786,二级馆,5840,3678,5444,321,283257,219196,9647,1450,14940,4604200,110,400,150763,1786,一级馆,6103,3678,5444,299,352420,230027,10407,1500,10831,4604200,110,400,,龙泉市贤良路人民广场内,龙泉市,丽水市,否,正常活动,7128713,28.077902,472401419,119.148595,323700
温州市龙湾区图书馆,图书馆,240204,486,一级馆,150944,0,12145,534,323443,357056,16950,1800250,49053,200250,36,796,574510,486,一级馆,226347,0,12145,489,1051005,454121,31316,30673,50257,1390995,99,796,578009,8864,一级馆,255154,0,12145,465,1394302,511404,37178,9003,57283,1399998,99,964,,温州市龙湾区永中街道龙康路89号,龙湾区,温州市,否,正常活动,86968257,27.930114,660595003,120.814404,325058
玉环市图书馆,图书馆,,,,,,,,,,,,,,,,,,,,,,,,,,,,,,,770232,4815,二级馆,24339,1215,1848,0,821089,780829,451695,0,40351,100000,64,302,,浙江台州玉环玉城街道城关广陵路69号,331021,台州市,否,正常活动,87221558,28.138622,,121.239132,317600
宁波大榭开发区图书馆（青少年宫）,图书馆,,,,,,,,,,,,,,,,62894,1691,无等级馆,0,3006,3006,463,25600,93684,3126,3000,18721,3000,40,207,60545,1691,无等级馆,0,3006,3006,464,85483,107152,3391,3000,13468,6000,40,207,,宁波北仑区大榭街道海山路103号,北仑区,宁波市,否,正常活动,86751562,29.906833,309027375,121.978479,315812
龙游县图书馆,图书馆,204626,2740,二级馆,150519,1630,1630,185,199588,134657,6169,2500,18570,13500,36,200,208076,2740,二级馆,552461,1630,2140,142,203761,196820,10623,2000,38917,15500,38,300,216987,3152,二级馆,552439,1630,2140,135,221121,221828,13442,20000,25008,40000,41,300,,龙游县龙洲街道文化东路534号,龙游县,衢州市,否,正常活动,7021833,29.041231,E96276176,119.184906,324400
衢江区图书馆,图书馆,13100,0,二级馆,0,1600,1600,0,20000,119000,130,0,15000,0,32,126,113503,2438,二级馆,0,1600,1600,156,309463,173126,4163,0,41137,0,46,220,121309,2438,二级馆,0,1600,1600,156,349244,251836,2473,0,78710,0,46,220,,衢江区东方广场四楼衢江区图书馆,衢江区,衢州市,否,正常活动,2291507,28.983007,3308502,118.964368,324022
岱山县图书馆,图书馆,242592,3661,一级馆,20932,0,3000,265,208111,263633,8543,0,21302,803584,49,260,255726,3861,一级馆,10732,0,7591,267,273427,295028,10388,0,14536,803584,50,410,258358,3967,一级馆,25457,0,7591,272,349771,313316,13996,0,18288,803584,50,480,,岱山县高亭镇长河路126号,岱山县,舟山市,否,正常活动,4471570,30.251729,472200449,122.216134,316200
海宁市图书馆,图书馆,2002534,31196,一级馆,752031,0,28067,2760,2611819,1517573,404230,113000,403794,652903,897,6631,2244840,31196,一级馆,752863,0,31416,2838,3184320,1757499,423274,730000,128844,1234000,897,6731,2290676,31196,一级馆,824945,0,31576,2475,3334875,1898568,428985,14000,141069,1247000,835,6811,,海宁市学林街60-62号,海宁市,嘉兴市,否,正常活动,89267507,30.511954,471101123,120.690587,314400
义乌市图书馆,图书馆,454000,15000,一级馆,100000,21658,21658,1475,564200,692006,47940,0,46800,161606,106,1520,606000,15000,一级馆,480000,21658,21658,1475,1214500,928594,72263,0,116036,161606,100,1520,667900,15150,一级馆,0,21658,21658,1100,1335900,1077461,82585,0,148867,161606,100,1580,,义乌市宗泽东路35号,义乌市,金华市,否,正常活动,85313300,29.320952,471770781,120.116795,322000
杭州图书馆,图书馆,2396620,58508,一级馆,1011858,5228,49088,3935,3725729,4830619,8751208,0,154323,205969,482,2392,3134204,63200,一级馆,1.12E+07,0,49488,3943,5142926,5640120,650533,0,411281,1012729,360,3949,,,,,,,,,,,,,,,,,杭州市解放东路58号,330101,杭州市,否,正常活动,86535018,30.251652,470115232,120.215197,310016
杭州市余杭区图书馆,图书馆,524376,6088,一级馆,6273,10931,10931,1130,1329460,777652,900000,3069,61593,1395841,145,1480,651521,6873,一级馆,108770,10931,10931,1196,1121291,899096,950919,3333,59194,1352430,123,1260,921197,6873,一级馆,74544,10931,10931,270,78762,1271474,1466,2888,57384,1413043,143,477,,临平世纪大道49号,余杭区,杭州市,否,正常活动,89188015,30.414308,470390867,120.315183,311100
平阳县图书馆,图书馆,309060,220,三级馆,5200,2236,3286,416,453055,583400,22147,4000,26540,324000,52,362,453546,220,三级馆,7641,2236,3286,430,786708,584323,41582,0,44560,324000,47,242,464711,220,三级馆,7622,2236,3286,432,787861,648163,53632,0,63840,324000,47,242,,平阳县昆阳镇天来巷8号,平阳县,温州市,否,正常活动,63721597,27.670038,470760311,120.570399,325400
松阳县图书馆,图书馆,95840,360,二级馆,10000,3119,3119,490,78000,212229,3989,1300000,8729,1300000,39,176,120800,360,二级馆,10000,3119,3119,21,137900,223306,5521,0,5500,1300000,40,176,153195,360,二级馆,10000,3119,3119,359,202064,231126,5128,0,7820,1300000,40,176,,松阳县西屏镇白露岭路A2号,松阳县,丽水市,否,正常活动,8062339,28.457154,472520581,119.47869,323400
杭州市拱墅区图书馆,图书馆,500000,2160,一级馆,48342,0,2500,600,820000,399800,20000,0,170800,10000,114,288,335934,2492,一级馆,7934,0,9000,580,993197,460580,29846,0,37457,3000,50,700,380345,2492,一级馆,45591,0,9800,575,973243,500099,40868,20000,39519,20000,47,2900,,拱墅区北城街55号（拱墅区人防大厦B座）,拱墅区,杭州市,否,正常活动,88162829,30.326067,TJ0503011,120.132208,310015
黄岩区图书馆,图书馆,983200,6330,二级馆,13090,798,17820,405,1464060,1002197,6856,0,828540,865,34,155,1169142,6450,二级馆,15034,798,19520,409,1718712,1318487,11671,0,250348,941,37,155,978319,6450,一级馆,15866,798,19520,482,1719031,1318602,16592,0,23938,941,44,155,,黄岩区直下街20号,黄岩区,台州市,否,正常活动,84113618,28.650456,754901139,121.26895,318020
嘉兴市图书馆,图书馆,2456784,18106,一级馆,855604,0,31520,3900,3220421,2199880,181453,40000,174284,1479903,280,811,2288501,19011,一级馆,1028638,0,31520,4024,3609773,2509823,223385,50000,147474,1581900,311,811,2301065,19011,一级馆,1193521,0,31520,3495,3812203,2636538,278288,50000,126715,1631900,311,811,,嘉兴市海盐塘路,330401,嘉兴市,否,正常活动,82535026,30.746127,470890757,120.771753,314001
舟山市图书馆,图书馆,783804,14871,一级馆,237696,12360,12360,1541,814401,868461,66194,2.43E+08,157745,3.33E+08,189,672,683388,14871,一级馆,183977,12360,12360,1567,768529,984679,79738,1.90E+07,46040,2.88E+08,189,672,664232,14871,一级馆,166212,12360,12360,1561,729818,1031352,90983,82,46673,76792,189,672,,舟山市临城海天大道,330901,舟山市,否,正常活动,8063608,29.984099,472092839,122.227172,316000
绍兴图书馆,图书馆,2051081,33273,一级馆,470634,16997,51913,5766,1973421,1539827,158057,17298,98920,230525,258,2094,1993300,35461,一级馆,290531,16997,51913,2933,1893780,1774257,188143,5414,141650,236045,304,2094,1956785,41948,一级馆,257158,16997,51913,2893,1926026,1896892,211129,7186,122635,243231,275,2142,,浙江省绍兴市洋江西路530号,330601,绍兴市,否,正常活动,88338215,30.055332,471321038,120.58918,312000
台州市图书馆,图书馆,957964,12722,一级馆,423043,0,21230,1503,2089278,598025,69076,710826,99133,849143,139,800,977478,17361,一级馆,852270,0,21230,1349,2100153,764865,93536,39860,77794,1201850,167,1143,1001346,19540,一级馆,1103230,0,21230,1173,2101047,818722,124493,49946,80945,1251796,200,1343,,台州市和谐路168号,331001,台州市,否,正常活动,88221530,28.664178,689992010,121.423511,318000
台州市椒江区图书馆,图书馆,165313,1598,一级馆,49628,3600,3600,365,991000,314368,10783,0,10690,2300000,49,250,706007,1870,一级馆,19189,3600,7380,436,1661231,693487,18938,154971,154981,2469971,51,382,700689,1925,一级馆,11584,3600,8270,436,1660000,755510,22302,0,102993,810000,72,412,,浙江省台州市椒江区东枫山路16号,椒江区,台州市,否,正常活动,88801732,28.676225,472630238,121.450156,318000
文成县图书馆,图书馆,228498,1820,二级馆,5236,9978,9978,380,339831,419973,13471,0,53403,200000,147,560,340267,2010,二级馆,40240,10141,10141,772,488922,477360,21501,0,19479,220000,147,630,385919,2070,二级馆,42226,10141,10141,948,515804,490997,22534,0,13637,220000,147,680,,文成县大峃伯温路118号,文成县,温州市,否,正常活动,67864376,27.796758,470800619,120.099168,325300
武义县图书馆,图书馆,190116,7914,一级馆,17033,6090,6090,310,298511,285475,8957,13000,10876,58272,53,347,217742,9914,一级馆,23346,7007,7007,253,336128,315182,10705,8000,12275,73272,50,347,219479,9914,一级馆,29132,7007,7007,258,340673,332665,11702,8000,17483,81272,50,347,,武川中路18号,武义县,金华市,否,正常活动,87631595,28.907386,471651061,119.831008,321200
永康市图书馆,图书馆,161057,670,一级馆,56524,8453,8453,616,213931,378283,17028,0,48427,2000,68,240,345922,870,一级馆,10455,8453,8453,643,394524,470006,25051,3000,23000,1005000,71,241,329511,870,一级馆,14546,8453,8453,741,386542,496879,27936,0,26873,1005000,72,241,,永康市紫微中路138号,永康市,金华市,否,正常活动,87135370,28.905238,471831951,120.032615,321300
青田县图书馆,图书馆,48147,3056,三级馆,46203,0,8472,571,257935,208472,3680,3000,17500,2000000,45,80,188298,11200,三级馆,65000,2380,5420,634,508086,209602,8008,180000,19175,180000,148,266,228298,11708,三级馆,65500,2380,5580,634,1020081,238430,11696,180000,28828,180000,148,266,,临江东路56号,青田县,丽水市,否,正常活动,6823348,28.138144,E96586721,120.299757,323900
泰顺县图书馆,图书馆,123247,6,一级馆,15080,1020,7966,269,171000,191723,9067,0,20103,200000,69,512,303743,1,一级馆,68391,6500,8390,407,395698,303667,23039,0,38495,200000,161,1045,452311,1,一级馆,118925,6500,8930,413,582148,353011,31209,10000,49781,210000,162,1225,,泰顺县罗阳镇南大街书山弄3-8号,泰顺县,温州市,否,正常活动,67583693,27.559885,470830455,119.720927,325500
温州市少儿图书馆,图书馆,1227000,5074,一级馆,2214986,9416,9416,628,1168000,1000184,117715,1000,81893,15008,130,876,1668545,5074,一级馆,2620818,9416,9416,560,1346782,1168973,143036,13735,90728,45173,114,876,1834029,5074,一级馆,4020818,9416,9416,480,1352134,1342983,181714,0,174010,45673,116,876,,温州市园西巷2号,330301,温州市,是,正常活动,56610187,28.019138,735251679,120.672676,325000
景宁畲族自治县图书馆,图书馆,159934,2269,无等级馆,5120,0,3633,280,245770,106287,6911,200,3117,5223,46,100,161167,2269,无等级馆,7100,0,3633,280,265805,119353,7248,1003000,5559,1112223,46,200,161327,2269,无等级馆,2822,0,3633,280,266743,128851,8780,4650,9498,1112223,29,200,,景宁畲族自治县鹤溪中路33号,景宁畲族自治县,丽水市,否,正常活动,5093356,27.975359,472550115,119.644605,323500
浦江县图书馆,图书馆,171012,5250,一级馆,9630,2500,3100,356,121008,260640,13180,0,11021,20100,9630,440,188200,5250,一级馆,8847,2500,2500,369,312200,344067,14893,11166,35225,115324,65,280,190300,5600,一级馆,0,2500,7157,394,321332,429120,16674,196,85053,115520,66,324,,浙江省浦江县浦阳镇书画街62号,浦江县,金华市,否,正常活动,84112451,29.456618,471680049,119.904156,322200
磐安县图书馆,图书馆,73425,5182,一级馆,12000,3036,3036,233,39991,202074,8815,0,30467,7026,37,200,79800,5927,一级馆,179527,3036,3036,241,133000,257581,5272,18000,26280,7600,43,200,87862,5927,一级馆,181528,3036,3036,368,168593,279424,5777,0,21843,8900,43,200,,磐安县海螺街43号,磐安县,金华市,否,正常活动,84661410,29.058997,471710658,120.449883,322300
台州市路桥区图书馆,图书馆,414804,4555,无等级馆,101518,0,24690,911,1095332,267914,21096,1000000,42129,1000000,127,323,689344,8820,无等级馆,24474,0,24690,993,1121886,652357,29952,500000,151907,1500000,125,323,689464,8820,无等级馆,23930,0,24690,884,1122166,736315,4818,100000,58196,1600000,120,323,,台州市路桥区路北街道腾达路1300号,路桥区,台州市,否,正常活动,82589621,28.59728,786431960,121.355153,318050
杭州市下城区图书馆,图书馆,604024,408,一级馆,50388,0,4500,300,1119452,332862,41566,0,8078,202000,55,641,530000,450,一级馆,200000,0,4500,300,1180000,360000,45000,0,14628,202500,57,650,573726,450,一级馆,108379,0,4500,246,1100000,377152,42521,0,17152,202500,57,650,,下城区潮王路8号,拱墅区,杭州市,否,正常活动,85332517,30.29673,68580035X,120.175985,310014
庆元县图书馆,图书馆,28671,1246,三级馆,0,681,681,170,56800,114442,3904,5,9000,12,47,80,99135,1246,三级馆,2200,681,1381,0,165100,132012,0,200,7753,15,25,80,117925,1246,三级馆,0,681,1381,0,172033,137998,0,200,5986,15,18,80,,松源镇濛洲街132号,庆元县,丽水市,否,正常活动,6113269,27.623824,472430498,119.076519,323800
长兴县图书馆,图书馆,934093,7350,一级馆,1460405,0,11000,902,1185496,490514,40312,0,24896,46558,60,800,1011042,7250,一级馆,1015580,0,11000,902,1184000,549805,52000,1325,11761,3500,70,800,1132568,7250,一级馆,1028273,0,11000,742,1311600,586786,60019,3100,36981,3500,70,800,,浙江省长兴县植物园路2号,长兴县,湖州市,是,正常活动,6227911,31.03314,471260298,119.913147,313100
安吉县图书馆,图书馆,115000,3760,一级馆,155500,3600,3600,268,205000,288000,15750,0,7000,50000,42,340,132056,3760,一级馆,170000,3600,3600,251,225800,304000,17030,0,7000,50000,42,340,140000,3760,一级馆,180000,3600,4600,220,260000,312376,18000,0,8376,50000,42,340,,安吉县递铺镇天目路635号,安吉县,湖州市,否,正常活动,5022335,30.645559,471280408,119.704353,313300
平湖市图书馆,图书馆,916821,7734,一级馆,3459603,7720,12220,1878,1226952,956531,58785,0,61938,500992,266,1000,1180208,8054,一级馆,5697377,7720,13730,1648,2164822,984392,83351,50000,46688,2602992,191,1647,1217412,8467,一级馆,7544276,7720,14276,1623,2507785,1027681,123489,55000,43289,2657992,217,2411,,当湖街道三港路,平湖市,嘉兴市,否,正常活动,85108268/85108266,30.703493,471141424,121.044586,314200
东阳市图书馆,图书馆,176380,6657,一级馆,0,5156,5156,533,174515,357712,25032,5000,23559,5476,81,324,335950,6657,一级馆,92101,5156,5546,578,339116,402231,20589,20000,24863,20000,76,365,340120,6837,一级馆,21503,5156,5546,508,419254,516106,24315,20000,113875,40000,76,365,,东阳市黉门广场南路45号,东阳市,金华市,否,正常活动,86099294,29.295861,660566579,120.248422,322100
丽水市图书馆,图书馆,149844,2673,无等级馆,552311,1553,1553,492,246823,349269,12131,3518,16567,1000000,60,45,244700,1171,无等级馆,584200,1553,1693,495,190000,388194,6351,0,19239,1000000,60,45,217709,1171,无等级馆,759953,1553,1693,495,259417,411376,17719,0,23182,1000000,60,45,,丽水市文昌路144号,331101,丽水市,否,正常活动,2272080,28.449608,472311069,119.923136,323000
德清县图书馆,图书馆,851208,4537,一级馆,815398,10243,10243,281,1031000,403413,26097,10000,59301,142822,147,524,758000,4537,一级馆,1166115,10243,10243,281,1103500,496675,40143,100000,49412,292822,147,524,749781,4537,一级馆,947334,10243,10243,120,1524691,542245,40153,50000,45570,342822,125,524,,武康镇千秋东街2号,德清县,湖州市,否,正常活动,8064347,30.54602,471220296,120.006109,313200
衢州市图书馆,图书馆,712000,5080,无等级馆,18161,0,3000,0,367000,663172,60607,0,23747,0,64,72,519020,6589,无等级馆,56318,0,13105,588,704426,675073,54873,0,10295,4700,104,164,481500,6589,无等级馆,120955,0,13105,588,750380,731311,56654,0,56238,4700,104,164,,三衢路319号,330801,衢州市,否,正常活动,8758185,28.950087,47186581X,118.887189,324000
缙云县图书馆,图书馆,98590,8470,二级馆,7221,3700,3700,600,147300,339488,3499,6482,120462,76165,80,200,368716,8470,二级馆,7220,4300,6535,936,599906,378710,10413,536,23114,76700,84,735,698570,8670,二级馆,7401,4300,13936,940,1445454,402889,11885,360444,24179,437144,84,2000,,缙云县五云街道溪滨南路45号,缙云县,丽水市,否,正常活动,3122622,28.651843,472461091,120.077024,321400
宁波市鄞州区图书馆,图书馆,1580000,7500,一级馆,16382,0,26355,1915,2800000,1408445,424829,0,150877,0,285,1256,2561547,7500,一级馆,307037,0,28594,2581,5139578,1992826,628556,0,134619,1390000,374,1901,1987167,7500,一级馆,36130,0,28594,2300,4754488,2109693,651273,0,116867,1410000,374,1498,,浙江省宁波市鄞州区钱湖南路928号,鄞州区,宁波市,否,正常活动,88126558,29.812198,419612735,121.566244,315100
温州市洞头区图书馆,图书馆,,,,,,,,,,,,,,,,,,,,,,,,,,,,,,,,,,,,,,,,,,,,,,一级馆,洞头县北岙街道新城区市民活动中心,洞头区,温州市,否,正常活动,,27.844884,,121.154541,325700
温州市图书馆,图书馆,2696752,75600,一级馆,1026968,32000,36170,3141,2803968,2337131,235411,192222,258079,2353986,326,2000,2987032,75600,一级馆,1040037,32000,36170,2268,4457647,2835003,247766,21492,250144,2375879,419,2443,2079322,75600,一级馆,1189788,32000,36170,2018,2738709,3110069,342506,14600,235166,2390479,419,2443,,温州市市府路506号,330301,温州市,否,正常活动,88957525,27.998942,470523017,120.703967,325000
宁波市图书馆,图书馆,2624757,17414,二级馆,8721300,10812,15368,1829,1368234,1986214,140869,100000,99014,3353477,276,1106,2650998,17414,二级馆,2.42E+07,10812,15368,2115,1357442,2378295,172171,12106,215208,3377347,329,1106,2656946,27356,二级馆,5.50E+07,10812,47168,2348,1375650,2713388,192541,145000,335093,3395347,407,2503,,浙江省宁波市海曙区永丰路135号,海曙区,宁波市,否,正常活动,87247257,29.888835,41952927X,121.555085,315010
奉化区图书馆,图书馆,145508,1000,二级馆,360,35,4996,420,86325,219519,11105,0,5600,2515,47,423,472867,1000,二级馆,360,35,4996,428,516926,212266,14651,310,17203,2515,47,423,519884,1000,一级馆,221546,35,17043,428,578976,258495,24341,310,46229,2515,51,423,,奉化市中山东路16号,330283,宁波市,否,正常活动,88905922,29.669991,41971882,121.42497,315500
嘉善县图书馆,图书馆,864835,7360,一级馆,48000,4302,4302,468,1941244,869754,55371,410992,174280,500992,62,308,865958,7360,一级馆,386554,4302,4302,1228,2180894,965931,284751,200,18881,500992,62,308,863619,7360,一级馆,10150,4302,4302,1241,2116527,1056676,0,0,90745,500992,62,308,,谈公北路57号,嘉善县,嘉兴市,否,正常活动,84128543,30.850722,471001392,120.936545,314100
常山县图书馆,图书馆,98600,533,二级馆,0,0,2741,0,105000,176633,0,0,1892,3300,92,156,84560,547,二级馆,0,0,2741,400,103000,295432,3973,996700,9281,1000000,92,208,49410,547,二级馆,0,0,2741,362,105700,319432,4939,0,24000,1000000,92,188,,常山县天马街道人民路119号,常山县,衢州市,否,正常活动,5017364,28.903831,471971815,118.51794,324200
天台县图书馆,图书馆,93347,1661,三级馆,0,1658,1658,196,1120000,150433,5724,0,10028,15354,34,124,504500,2146,二级馆,0,1658,1658,196,1510435,495580,15431,1000,40002,76354,34,165,537110,2500,二级馆,0,1658,6448,196,1529684,535691,23193,1000,40111,77354,34,400,,天台县赤城街道劳动路27号,天台县,台州市,否,正常活动,83880298,29.144508,799629626,121.037237,317200
开化县图书馆,图书馆,94586,1480,无等级馆,0,1655,1655,210,99814,249791,5597,100000,14732,100000,77,208,145623,1480,无等级馆,409,1655,2065,220,139136,312309,7934,80000,34330,125603,77,208,152130,1480,无等级馆,5569,1655,2065,221,140156,329492,8180,54000,17183,163026,93,208,,开化县城关镇6号,开化县,衢州市,否,正常活动,6014288,29.143188,472001028,118.421459,324300
宁波市北仑区图书馆,图书馆,1593916,56355,一级馆,184687,16610,16610,1243,791204,620476,10495,0,51912,2100000,118,800,1557000,56355,一级馆,102950,16610,16610,1211,995000,734185,45768,0,54360,2004800,90,800,1618658,56355,一级馆,80508,16610,16610,953,922500,760080,51599,0,38429,2004800,90,800,,宁波市北仑区中河南路288号,北仑区,宁波市,否,正常活动,86781983,29.895923,419560306,121.83223,315800
诸暨市图书馆,图书馆,142570,7280,一级馆,503133,9000,9000,644,1040348,392564,12607,22089,45272,43300,62,502,405000,7280,一级馆,407311,9000,9000,695,1034283,617013,26310,19965,37060,70811,69,577,647247,7280,一级馆,429520,9000,9000,695,1045238,849316,31358,45000,231608,85414,69,577,,诸暨市暨阳街道浦阳路77号,诸暨市,绍兴市,否,正常活动,89251969,29.753329,471480397,120.256411,311800
象山县图书馆,图书馆,358798,3350,一级馆,2586092,2880,7080,468,176236,433982,27629,0,12377,0,58,396,300753,3350,一级馆,307364,2880,7080,368,407340,476799,35497,0,29176,1000000,60,396,390000,3500,一级馆,310514,2880,4080,220,400000,561914,26117,0,29300,1000000,62,396,,丹东街道教育园区内,象山县,宁波市,否,正常活动,65776720,29.47617,41957533X,121.907937,315700
桐庐县图书馆,图书馆,383311,8895,一级馆,78560,1560,7760,579,241329,530560,21470,3600,39785,709200,111,373,467251,8895,一级馆,75382,1560,7760,591,235993,623552,422331,10000,52512,933000,79,373,459511,8895,一级馆,35491,1560,7760,569,263420,658948,51886,10000,35396,953000,64,373,,桐君街道白云源路608号,桐庐县,杭州市,否,正常活动,64218555,29.838824,470300067,119.69237,311500
上虞区图书馆,图书馆,,,,,,,,,,,,,,,,,,,,,,,,,,,,,,,,,,,,,,,,,,,,,,一级馆,上虞市百官街道市民中心一路2号,上虞区,绍兴市,否,正常活动,,30.037842,,120.8681,312300
建德市图书馆,图书馆,334000,4980,一级馆,24135,4295,4295,630,441000,611567,470000,0,51982,57200,91,402,415000,5088,一级馆,22000,6037,6037,585,551700,695192,470000,630,33584,59438,66,392,430000,5376,一级馆,36600,6037,6037,527,580000,738528,470000,180,43336,60638,66,422,,建德市广兴路10号,建德市,杭州市,否,正常活动,64070880,29.487829,470482585,119.298842,311600
张元济图书馆,图书馆,671110,8313,一级馆,801526,10743,11843,853,1200000,670090,52416,80000,43372,380000,140,750,755040,8313,一级馆,253665,10743,11843,853,1855000,751641,51370,120000,38488,1000000,140,750,817134,8475,一级馆,268752,10743,11843,847,1875000,780903,57892,100000,29262,1100000,140,750,,海盐县武原镇文昌东路6号,海盐县,嘉兴市,否,正常活动,86023951,30.524364,47103029X,120.95596,314300
瑞安市图书馆,图书馆,1176585,0,一级馆,178623,12172,14872,1878,1324228,787425,0,0,236951,4000000,160,480,1033699,0,一级馆,88590,12172,14872,1754,1452925,896511,115621,13000,110123,1413000,160,480,1095889,8000,一级馆,96466,12172,14872,1971,1514925,997085,138914,36100,100574,1449100,160,480,,瑞安市安阳罗阳大道瑞安广场东首,瑞安市,温州市,否,正常活动,66886991,27.777119,470869229,120.666906,325200
新昌县图书馆,图书馆,425436,5280,一级馆,35615,4000,6000,1077,555389,268260,23711,0,34582,251600,70,400,222942,674,一级馆,68090,6000,6000,1100,580911,372295,3176,1800,55295,252200,96,400,223542,6893,一级馆,47787,6000,6000,1084,600500,450696,30350,1800,78401,254000,98,450,,新昌县七星街道鼓山西路128号,新昌县,绍兴市,否,正常活动,86022506,29.509777,471450200,120.882392,312500
宁波市海曙区图书馆,图书馆,562249,2211,一级馆,2300,5400,2200,337,365892,199235,11841,5000,24954,40000,62,348,716819,2211,一级馆,5000,5400,2200,350,2024367,196060,8806,200,16954,46000,68,348,830659,2211,一级馆,6450,5400,5400,418,2024378,245044,17075,5000,48984,53000,68,348,,宁波市海曙区沁园街345号海曙区文体中心一层,海曙区,宁波市,否,正常活动,87122351,29.881356,775639379,121.519159,315000
宁波市江北区图书馆,图书馆,142776,736,二级馆,700986,0,4500,243,24458,437184,5404,0,10000,0,61,246,227638,736,二级馆,740542,0,4500,211,235876,449113,8892,0,21386,0,61,246,269648,736,二级馆,0,0,4500,279,296083,206181,9799,3000,7716,3000,61,246,,江北区丽江西路77号,江北区,宁波市,否,正常活动,87660783,29.916535,775636442,121.54075,315020
桐乡市图书馆,图书馆,1128123,4328,一级馆,79989,0,13595,578,1714184,1262074,79263,50000,169633,50000,93,1344,1024138,4368,一级馆,131335,0,13595,700,2253103,1333374,100529,3000,85487,155000,80,1394,1058538,4368,一级馆,138712,0,13595,700,2364783,1374261,115904,3000,121563,158000,80,1394,,市政广场西侧,桐乡市,嘉兴市,否,正常活动,88113636,28.86277,471060368,121.153404,314500
临安区图书馆,图书馆,,,,,,,,,,,,,,,,,,,,,,,,,,,,,,,,,,,,,,,,,,,,,,一级馆,临安市锦城街道城中街261号,临安区,杭州市,否,正常活动,,30.235342,,119.726166,311300
杭州市萧山图书馆,图书馆,1003882,3906,一级馆,69814,0,30000,1630,2157154,2710708,1417784,0,83268,128228,169,1022,474121,3906,一级馆,68155,0,30000,833,1138300,2847907,1571510,0,55013,142485,160,1116,550133,3906,一级馆,42670,0,30000,814,1411573,3056668,1572116,0,208761,142485,166,1268,,萧山区市心中路958号,萧山区,杭州市,否,正常活动,83869047,30.190726,470450110,120.27426,311202
绍兴市越城区图书馆,图书馆,418243,1,一级馆,15435,0,4500,413,660084,174369,2216,3000,174369,3693000,64,500,621843,3425,一级馆,28313,0,5864,410,1355955,303673,13780,1800,68222,201800,75,522,686750,3425,一级馆,77008,0,5927,536,1394767,358816,21355,1200,43965,203000,76,422,,延安路565号,越城区,绍兴市,是,正常活动,88401318,30.273718,327887635,120.169576,312000
嵊泗县图书馆,图书馆,63900,3722,二级馆,9423,0,3700,409,31155,125478,3329,652,8210,2826,48,152,66456,3722,二级馆,5591,0,3700,361,28900,136263,2993,872,7011,4545,50,152,58481,3722,二级馆,57871,0,3700,361,28518,143861,3310,872,7598,4545,50,152,,嵊泗县菜园镇望海路393号,嵊泗县,舟山市,否,正常活动,5089148,30.737576,472230736,122.464104,202450
乐清市图书馆,图书馆,346474,8000,一级馆,10000,0,31645,540,2279650,503331,29810,0,55228,400000,100,4000,868908,6000,一级馆,29864,0,31645,1433,2328624,705588,56356,200000,127172,1250000,122,3000,1184837,6000,一级馆,37111,0,32630,1433,2345000,793705,67658,100000,88117,1350000,122,3000,,乐清市乐成镇南大街109号,乐清市,温州市,否,正常活动,62526562,28.128647,470681306,120.968073,325600
杭州市滨江区图书馆,图书馆,0,0,无等级馆,0,0,0,0,0,0,0,0,0,0,0,0,490455,0,无等级馆,0,0,7000,684,536882,243348,36044,0,34783,1015729,88,787,542373,0,一级馆,0,0,7000,566,925565,365550,32841,0,122202,1215729,88,787,,杭州市滨江区泰安路200号滨江文化中心6楼,滨江区,杭州市,否,正常活动,87702381,30.215665,TJ3001084,120.216724,310000
湖州市图书馆,图书馆,1071504,15489,一级馆,129873,15700,15700,1061,1400106,864198,58180,0,54642,88800,230,570,1149229,16289,一级馆,799753,15700,15700,1024,1632250,979377,65434,150000,71301,380000,160,780,1313837,16289,一级馆,828469,15395,16300,1024,1754025,1049059,75187,139770,69682,519770,160,780,,龙王山路728号,330501,湖州市,否,正常活动,2399856,30.897103,471171586,120.098151,313000
江山市图书馆,图书馆,256250,4600,二级馆,0,0,2007,365,238473,225890,15289,1800,19355,3800,49,208,335384,4600,二级馆,0,0,2007,365,361527,272674,14888,6400,24114,7400,54,208,342262,5800,二级馆,0,0,2257,365,370260,308139,18346,4100,35100,11500,54,308,,江山市江路18－2号,江山市,衢州市,否,正常活动,4020711,28.742868,472061995,118.633583,324100
普陀区图书馆,图书馆,128000,3767,一级馆,37082,0,3241,446,185225,179285,3767,40,11381,3602000,69,252,682000,10767,一级馆,47269,0,8296,522,646481,319092,47922,4400,19511,1224400,143,600,719452,10767,一级馆,36170,0,8296,491,651400,335189,49275,2400,16097,1006400,143,600,,舟山市普陀区东港海华路589号,普陀区,舟山市,否,正常活动,3806697,29.973935,472170411,122.324015,316100
临海市图书馆,图书馆,301660,2778,一级馆,223000,3500,3500,478,2281500,434661,19037,45652,44359,0,46,300,1104669,3658,一级馆,357000,3500,4450,320,1263521,1062999,43917,0,410330,0,74,415,1203168,3658,一级馆,583205,3500,4450,318,1263522,1145468,54208,0,82469,0,81,593,,临海市东湖路35号,临海市,台州市,否,正常活动,85111366,28.853287,728441861,121.129531,317000
遂昌县图书馆,图书馆,99636,2122,三级馆,0,1700,1700,315,70218,148559,4993,0,8980,0,36,170,70802,2122,三级馆,3576,1700,1700,331,76128,197724,6800,3000,32412,16000,40,170,70078,5300,三级馆,13596,6200,6200,384,208638,210272,2943,3000,13520,20000,41,400,,浙江省遂昌县妙高镇公园路95号,遂昌县,丽水市,否,正常活动,8122284,28.597041,472490511,119.278668,323300
湖州市南浔区图书馆,图书馆,284400,3750,无等级馆,84510,4600,4600,329,302310,266289,7286,0,17320,80000,94,420,233633,3750,无等级馆,16822,4600,4600,329,353201,571188,15983,23823,278150,2820075,99,420,290382,3750,无等级馆,18182,4600,4600,352,495164,601520,0,25638,30332,2821890,99,420,,湖州市南浔镇向阳路601号,南浔区,湖州市,否,正常活动,3023169/3023369,30.858143,564446702,120.425264,313009
慈溪市图书馆,图书馆,452548,5664,一级馆,123507,15018,15018,1695,599837,715004,62598,0,48772,0,260,1000,485123,5664,一级馆,1436823,15018,51916,1692,858439,828719,70788,2768,39638,2001353,260,1000,805353,13726,一级馆,1504086,15018,52616,8906,863434,2008438,78860,2768,40868,2001353,1603,1783,,慈溪市新城大道北路55号,慈溪市,宁波市,否,正常活动,63035705,30.315384,419687913,120.395651,315300
江干区图书馆,图书馆,1056836,390,一级馆,8603,0,3500,686,624648,286211,0,0,43999,0,30,722,934986,434,一级馆,8399,0,3500,452,458473,374679,12819,350000,52131,350000,54,747,319841,434,一级馆,5311,0,3500,490,651209,410353,0,0,35674,350000,54,747,,江干区太平门直街458号,上城区,杭州市,否,正常活动,86753385,30.266666,691744104,120.212377,310016
绍兴市柯桥区图书馆,图书馆,385670,6128,一级馆,53125,4800,9646,1228,759153,389405,64521,0,39303,73624,98,1107,372198,6128,一级馆,51417,4800,9646,1478,807157,501488,63518,4000,60197,77624,114,1126,505696,6425,一级馆,158056,4800,9646,1396,1112180,532586,69106,0,31098,77624,114,1174,,绍兴市柯桥区明珠路396号,柯桥区,绍兴市,否,正常活动,85282968,30.084262,DJ1235235,120.49811,312030
杭州少年儿童图书馆,图书馆,1399492,5352,一级馆,1255270,5695,6003,441,612048,1108131,306011,0,44982,11265,92,895,1049592,5352,一级馆,6409439,5695,6003,517,555881,1301276,39716,800315,105536,1012729,92,557,975173,5369,一级馆,6568630,5695,6003,524,501160,1372241,40505,200000,70965,1212729,92,557,,杭州市曙光路75号,330101,杭州市,是,正常活动,86535018,30.269617,470115283,120.141665,310000
